timestamp,model_name,prompt,response,eval_count,eval_duration,load_duration,prompt_eval_duration,total_duration,tokens_per_second,avg_cpu_usage_during,memory_usage_before,memory_usage_after,memory_allocated_for_model,network_latency,total_response_time
2024-05-21 17:22:20,qwen:0.5b,What is 2+2?,The sum of 2 and 2 is 4.,13,2155197000,4185338,768537000,2977099985,6.031931187729011,92.76,36831232,36831232,262144,3040156364.440918,3060169935.2264404
2024-05-21 17:22:21,qwen:0.5b,What is 2+2?,2+2 equals 4.,8,1009786000,5386546,277126000,1338638985,7.922470701713036,89.71,36831232,37355520,262144,1366906881.3323975,1420055150.9857178
2024-05-21 17:22:24,qwen:0.5b,What is 2+2?,The sum of 2 and 2 is 4.,13,2014315000,10507483,440795000,3827914501,6.453806877275897,92.0,36831232,37355520,262144,3900753736.4959717,3983031988.143921
2024-05-21 17:22:27,qwen:0.5b,What is 2+2?,The sum of 2 and 2 is 4.,13,3035016000,55888672,138643000,7051289363,4.283338209749141,93.33,36962304,37355520,262144,7110121726.989746,7129577398.300171
2024-05-21 17:22:29,qwen:0.5b,What is 2+2?,2+2 equals 4.,8,1764312000,334657482,353655000,9203488004,4.534345399226441,93.35,37093376,37355520,262144,9273876190.185547,9357888460.159302
2024-05-21 17:22:29,qwen:0.5b,What is 2+2?,4.,3,218289000,442140489,281167000,9754250597,13.74324862911095,92.8,37093376,37355520,262144,9807880640.029907,9851576805.114746
2024-05-21 17:22:30,qwen:0.5b,What is 2+2?,4.,3,216446000,386884088,157438000,8817593443,13.860269998059561,92.12,37355520,37355520,262144,8892733335.494995,8937876701.35498
2024-05-21 17:22:31,qwen:0.5b,What is 2+2?,2 + 2 equals 4.,9,856439000,231757272,187579000,7370604315,10.50862933612318,91.37,37355520,37355520,262144,7432798862.457275,7514500379.562378
2024-05-21 17:22:33,qwen:0.5b,What is 2+2?,The sum of 2 and 2 is 4.,13,1264596000,305653503,200648000,5790635713,10.279962928872145,89.67,37355520,37355520,262144,5811086654.663086,5878185749.053955
2024-05-21 17:22:34,qwen:0.5b,What is 2+2?,The sum of 2 and 2 is 4.,13,1256602000,190476534,189138000,5059802831,10.345359946904429,88.08,37355520,37355520,262144,5114684581.756592,5158469915.390015
2024-05-21 18:04:51,qwen:0.5b,Why is 10/2?,"The denominator of 10/2 can be simplified as follows:

2 × 5 = 10

Therefore, the correct answer to the question ""Why is 10/2?"" is 10.",46,4821746000,5180393054,652817000,10697942300,9.540112647990997,69.61,37355520,37355520,262144,10756845235.824585,10847587347.03064
2024-05-21 18:05:36,qwen:0.5b,Why is 10 / 2?,"To calculate 10 / 2, you simply need to divide the number by 2. So, your calculation would be:

10 / 2 = 5

Therefore, 10 / 2 equals 5.",49,5605304000,2441694,427252000,6081871211,8.741720342018915,93.74,37355520,37355520,262144,6136265516.281128,6173869609.832764
2024-05-22 11:15:52,qwen:0.5b,Why is 10 / 2?,"The calculation 10/2 is a simple arithmetic operation. It means dividing 10 by 2.

To perform this calculation, you would subtract the larger number from the smaller number:

10 - 2 = 8

So, the value of 10/2 is 8.",63,6708747000,5119289,724161000,7481903065,9.390725272543442,93.8,36569088,36569088,262144,7546186208.724976,7621813535.690308
2024-05-22 11:18:06,qwen:0.5b,What is 2+2?,The sum of 2 and 2 is 4.,13,1255107000,4216575,525738000,1828624103,10.357682651757976,89.89,36569088,36569088,262144,1887027263.6413574,1927745819.0917969
2024-05-22 11:18:07,qwen:0.5b,What is 2+2?,4.,3,214823000,10185301,143266000,412972864,13.96498512729084,79.8,36831232,37224448,262144,428230762.48168945,519690990.44799805
2024-05-22 11:18:08,qwen:0.5b,What is 2+2?,The sum of 2 and 2 is 4.,13,1289979000,10309301,246913000,1993379328,10.077683435156695,86.65,36569088,37224448,262144,2078914880.7525635,2139352560.043335
2024-05-22 11:18:09,qwen:0.5b,What is 2+2?,4.,3,213830000,51100578,203355000,2484401525,14.029836786232053,85.01,36962304,37224448,262144,2563185453.414917,2660639286.04126
2024-05-22 11:18:09,qwen:0.5b,What is 2+2?,4.,3,214074000,212107894,199681000,2991134346,14.013845679531377,84.36,36962304,37224448,262144,3051087617.8741455,3178233623.5046387
2024-05-22 11:18:10,qwen:0.5b,What is 2+2?,4.,3,220897000,315083135,201786000,3502405900,13.580990235268022,84.15,36962304,37224448,262144,3566246032.7148438,3608372449.874878
2024-05-22 11:18:11,qwen:0.5b,What is 2+2?,The sum of 2 and 2 is 4.,13,1268665000,172373882,148431000,4503286352,10.246991916699839,86.24,37224448,37224448,262144,4560311555.862427,4573123216.629028
2024-05-22 11:18:12,qwen:0.5b,What is 2+2?,4.,3,210804000,153036751,163298000,3370979705,14.231229008937213,84.38,37224448,37224448,262144,3429991960.5255127,3444237947.4639893
2024-05-22 11:18:12,qwen:0.5b,What is 2+2?,4.,3,213107000,141944901,150473000,3309177298,14.077435278991306,85.55,37224448,37224448,262144,3321207046.508789,3348353385.925293
2024-05-22 11:18:13,qwen:0.5b,What is 2+2?,4.,3,216900000,120095442,164613000,3212325714,13.831258644536653,83.42,37224448,37224448,262144,3269899129.8675537,3353792190.551758
2024-05-22 11:43:47,qwen:0.5b,Why is 10 / 2?,The number 10 divided by 2 is equal to 5.,16,1575973000,8399675,718209000,2349685245,10.152458195667059,91.83,36700160,36831232,262144,2413531303.4057617,2445930004.119873
2024-05-22 11:44:47,qwen:0.5b,Why is 10 / 2?,10 / 2 = 5,9,959610000,4726286,111252000,1122192732,9.378810141620033,84.92,36831232,36831232,262144,1176239728.9276123,1221486091.6137695
2024-05-22 12:06:34,qwen:0.5b,Why is 10 / 2?,"When dividing by zero, the result is undefined. Therefore, 10  / 2 is undefined.",23,2317115000,7041450,853877000,3185873454,9.926136596586703,94.32,36261888,36261888,131072,3247263669.9676514,3250158309.9365234
2024-05-22 12:06:40,qwen:0.5b,What is 2+2?,4.,3,207506000,3844119,509034000,768106848,14.457413279616011,78.89,36524032,36524032,262144,824918031.6925049,910301446.9146729
2024-05-22 12:06:40,qwen:0.5b,What is 2+2?,4.,3,213673000,4086265,159524000,381877535,14.040145455906924,76.02,36130816,36130816,131072,489067316.05529785,506159067.15393066
2024-05-22 12:06:41,qwen:0.5b,What is 2+2?,4.,3,207970000,50759539,222537000,915130993,14.425157474635764,77.54,36524032,36524032,262144,968212127.6855469,1011121511.4593506
2024-05-22 12:06:41,qwen:0.5b,What is 2+2?,4.,3,241195000,210550358,151283000,1396105894,12.438068782520368,77.75,36261888,36261888,0,1452810764.3127441,1516018152.2369385
2024-05-22 12:06:42,qwen:0.5b,What is 2+2?,4.,3,216828000,314425795,185479000,1889408846,13.835851458298745,77.64,36261888,36261888,131072,1946225166.3208008,2018936634.0637207
2024-05-22 12:06:43,qwen:0.5b,What is 2+2?,The sum of 2 and 2 is 4.,13,1269167000,191623536,215487000,2955722452,10.242938872504565,84.32,36130816,36130816,131072,3012834072.113037,3047964572.906494
2024-05-22 12:06:44,qwen:0.5b,What is 2+2?,4.,3,214308000,143260765,159720000,2931697066,13.998544151408254,83.74,36524032,36524032,262144,2986706256.866455,3039735794.067383
2024-05-22 12:06:44,qwen:0.5b,What is 2+2?,4.,3,207619000,142593458,172305000,2885060310,14.449544598519404,83.58,36261888,36261888,0,2948713541.030884,3047336101.5319824
2024-05-22 12:06:45,qwen:0.5b,What is 2+2?,4.,3,211008000,176305301,174030000,2869501004,14.21747042766151,84.48,36261888,36261888,131072,2884233236.312866,2943380117.416382
2024-05-22 12:06:45,qwen:0.5b,What is 2+2?,4.,3,211406000,4062931,159772000,1759392459,14.190704142739563,79.04,36130816,36130816,131072,1812889337.5396729,1829794883.7280273
2024-05-22 12:07:30,qwen:0.5b,What is 2+2?,4.,3,209051000,2890038,119811000,376011193,14.350565173091733,64.38,36327424,36327424,262144,431998729.70581055,509335756.3018799
2024-05-22 12:07:32,qwen:0.5b,What is 2+2?,The sum of 2 and 2 is 4.,13,1291038000,4836533,179401000,1480793340,10.06941701173784,89.43,36327424,36327424,0,1535365581.5124512,1623172521.5911865
2024-05-22 12:07:34,qwen:0.5b,What is 2+2?,The sum of 2 and 2 is 4.,13,1292880000,56462359,186670000,3053027312,10.05507084957614,89.65,36327424,36327424,262144,3105917692.1844482,3148434877.39563
2024-05-22 12:07:35,qwen:0.5b,What is 2+2?,The sum of 2 and 2 is 4.,13,1275147000,190967514,176070000,4594893141,10.194903019024473,90.13,36327424,36327424,262144,4650502681.732178,4671048879.623413
2024-05-22 12:07:37,qwen:0.5b,What is 2+2?,The sum of 2 and 2 is 4.,13,1271387000,284545452,135668000,6087906798,10.22505342590415,89.99,36196352,36196352,262144,6149977684.020996,6193963527.679443
2024-05-22 12:07:38,qwen:0.5b,What is 2+2?,The sum of 2 and 2 is 4.,13,1280117000,135639993,170317000,6015990117,10.155321740122194,90.29,36327424,36327424,0,6070457220.077515,6080650568.008423
2024-05-22 12:07:40,qwen:0.5b,What is 2+2?,The sum of 2 and 2 is 4.,13,1272436000,172062525,139068000,5996298847,10.216623861632334,90.09,36327424,36327424,262144,6054884672.164917,6087653398.513794
2024-05-22 12:07:40,qwen:0.5b,What is 2+2?,4.,3,216752000,4770904,139792000,4928739056,13.840702738613714,88.43,36327424,36327424,262144,4983639478.683472,5062948942.184448
2024-05-22 12:07:41,qwen:0.5b,What is 2+2?,4.,3,209205000,174366034,161497000,3870824182,14.340001434000143,87.66,36196352,36196352,262144,3882848739.6240234,3960221767.425537
2024-05-22 12:07:41,qwen:0.5b,What is 2+2?,4.,3,207025000,7523593,155582000,2772897281,14.491003501992513,85.05,36327424,36327424,0,2827739477.157593,2834053516.3879395
2024-05-22 12:08:13,qwen:0.5b,Why is 10 / 2?,The fraction 10/2 is equal to 5 because 10 divided by 2 equals 5.,25,3045124000,3802175,600666000,3695775376,8.209846298541537,91.92,36196352,36327424,262144,3752928495.4071045,3844251632.6904297
2024-05-22 12:08:42,qwen:0.5b,Why is 10 / 2?,"10/2 is equal to 5. 

Here's why:

When you divide a number by another number, the quotient will be the same as the divisor. 

In this case, dividing 10/2 would result in a quotient of 5.",55,6853290000,3467494,109666000,7012551635,8.025342572691365,93.89,36323328,36323328,0,7068842411.04126,7103148698.806763
2024-05-22 12:16:30,qwen:0.5b,Why is 10 / 2?,10 ÷ 2 = 5,10,944924000,3998713,149180000,1145478011,10.582861690463996,86.51,36323328,36323328,262144,1200696468.3532715,1222939014.4348145
2024-05-22 12:16:42,qwen:0.5b,Why is 10 / 2?,"10/2 = 5

The reason 10/2 is equal to 5 is that division by zero is undefined, and the number 10 does not have any zero divisor. Therefore, the value of 10/2 is 5.",56,5884090000,6577350,122240000,6058635322,9.517189573918822,92.95,36323328,36323328,262144,6123011827.468872,6209202766.418457
2024-05-22 12:17:48,qwen:0.5b,What is 2+2?,2+2 equals 4.,8,721951000,3903270,540785000,1310282624,11.081084450329731,87.64,36323328,36323328,131072,1369524955.7495117,1416804313.659668
2024-05-22 12:17:49,qwen:0.5b,What is 2+2?,4.,3,212012000,5633287,187497000,414546039,14.150142444767278,75.58,36323328,36323328,131072,511594533.9202881,513684034.3475342
2024-05-22 12:17:50,qwen:0.5b,What is 2+2?,The sum of 2 and 2 is 4.,13,1254348000,48629901,206592000,1968710489,10.363950036194101,86.41,36323328,36454400,0,2068647384.6435547,2136294126.51062
2024-05-22 12:17:52,qwen:0.5b,What is 2+2?,The sum of 2 and 2 is 4.,13,1302817000,203522072,180821000,3546321166,9.97837762325791,87.86,36323328,36454400,0,3602433443.069458,3648313045.501709
2024-05-22 12:17:53,qwen:0.5b,What is 2+2?,The sum of 2 and 2 is 4.,13,1280823000,307479185,264104000,5184462940,10.149724044618186,88.18,36323328,36323328,262144,5237382173.538208,5280886173.248291
2024-05-22 12:17:54,qwen:0.5b,What is 2+2?,4.,3,213555000,196085547,194182000,5166265611,14.047903350424948,88.42,36323328,36323328,131072,5221523284.912109,5290753602.981567
2024-05-22 12:17:54,qwen:0.5b,What is 2+2?,4.,3,211379000,96488995,201855000,4040766684,14.192516758996874,86.57,36454400,36454400,0,4103455305.0994873,4161943912.5061035
2024-05-22 12:17:55,qwen:0.5b,What is 2+2?,4.,3,211648000,257970904,200560000,3044545095,14.174478379195646,83.62,36454400,36454400,0,3097282648.086548,3145300626.7547607
2024-05-22 12:17:55,qwen:0.5b,What is 2+2?,4.,3,209383000,179590293,195908000,1902699730,14.327810758275504,81.61,36323328,36323328,262144,1921959638.595581,1923860788.345337
2024-05-22 12:17:57,qwen:0.5b,What is 2+2?,The sum of 2 and 2 is 4.,13,1263541000,155352369,146673000,2836903625,10.288546236331072,85.49,36323328,36323328,131072,2898304700.8514404,2938820838.9282227
2024-05-22 12:18:10,qwen:0.5b,What is 2+2?,The sum of 2 and 2 is 4.,13,1265216000,6451296,173836000,1491586774,10.274925388234104,86.55,36323328,36323328,262144,1553611040.1153564,1630566596.9848633
2024-05-22 12:18:10,qwen:0.5b,What is 2+2?,4.,3,211827000,4638224,185333000,406970345,14.16250053109377,75.48,36454400,36454400,0,504482507.7056885,509016990.6616211
2024-05-22 12:18:12,qwen:0.5b,What is 2+2?,The sum of 2 and 2 is 4.,13,1270524000,51478090,237921000,2007034880,10.231998765863533,85.97,36323328,36323328,262144,2063791275.024414,2124390840.5303955
2024-05-22 12:18:14,qwen:0.5b,What is 2+2?,The sum of 2+2 is 4.,12,1163019000,225292392,201161000,2953314111,10.317974168951668,90.14,36454400,36454400,0,3006296157.836914,3035611152.648926
2024-05-22 12:18:15,qwen:0.5b,What is 2+2?,2 + 2 equals 4.,9,867675000,167089103,172741000,2463222560,10.372547324747169,90.58,36323328,36323328,262144,2525352954.864502,2532842397.6898193
2024-05-22 12:18:15,qwen:0.5b,What is 2+2?,4.,3,216583000,4198063,155731000,1517271417,13.851502657179926,85.55,36454400,36454400,0,1571796417.2363281,1619592905.0445557
2024-05-22 12:18:16,qwen:0.5b,What is 2+2?,4.,3,216014000,12908017,290789000,1002011493,13.88798874147046,76.54,36323328,36323328,131072,1055641651.1535645,1113300085.067749
2024-05-22 12:18:16,qwen:0.5b,What is 2+2?,4.,3,208569000,278086670,236078000,1032062405,14.383729125613106,79.35,36454400,36454400,0,1087735176.0864258,1113398075.1037598
2024-05-22 12:18:18,qwen:0.5b,What is 2+2?,The sum of 2+2 is 4.,12,1175750000,209550241,225850000,1915509547,10.206251328938974,86.28,36323328,36323328,131072,1973219633.102417,2026002883.9111328
2024-05-22 12:18:19,qwen:0.5b,What is 2+2?,The sum of 2 and 2 is 4.,13,1261164000,4042009,217701000,2983356646,10.30793774639936,90.27,36454400,36454400,0,3038300514.2211914,3044000387.1917725
2024-05-22 12:28:54,qwen:0.5b,Why is 10 / 2?,10 除以 2 等于 5。这是因为 10 是一个整数，而 2 是一个分数。因此，10 除以 2 等于 5。,47,4872708000,4107803,647230000,5568134114,9.645560538411084,93.2,39047168,39047168,131072,5632404088.973999,5693438529.968262
2024-05-22 12:29:35,qwen:0.5b,What is 2+2?,4.,3,213568000,2348250,170600000,391051694,14.047048246928378,76.06,39047168,39047168,131072,489200592.0410156,512285470.9625244
2024-05-22 12:48:16,qwen:0.5b,Why is 10 / 2?,"The division of 10 by 2 is because the numerator (10) and denominator (2) have opposite signs. So, in order to divide 10 by 2, you will need to go against the current direction of the numbers being divided.",55,5717101000,2433305,1126578000,6850291993,9.620260338237857,93.81,36327424,36327424,0,6947798013.687134,6988971710.205078
2024-05-22 12:50:06,qwen:0.5b,Why is 10 / 2?,"When dividing 10 by 2, the result will be:

15

Therefore, 10  / 2 will equal 15.",33,3421862000,2319825,260322000,3687229492,9.643872254345734,91.37,36323328,36323328,131072,3786047935.48584,3851394414.9017334
2024-05-22 12:51:19,qwen:0.5b,Why is 10 / 2?,"The expression \((10)^{\frac{1}{2}}}\) is used to calculate the remainder when dividing 10 by \(1\). The result of this calculation is \(-5\)\), which is the remainder when dividing 10 by \(1\)).",58,6933524000,5141218,321032000,7265236165,8.36515457363384,94.0,36323328,36323328,0,7368351697.921753,7410671234.130859
2024-05-22 12:52:14,qwen:0.5b,Why is 10 / 2?,"To simplify the expression, we can divide both sides of the equation by 2:

10 ÷ 2 = 5

Therefore, 10 / 2 equals 5.",40,4851568000,2304140,246717000,5104367743,8.244757158922642,94.78,36323328,36323328,131072,5158119440.078735,5174329996.109009
2024-05-22 12:56:44,qwen:0.5b,Why is 10 / 2?,10 / 2 = 5,9,845967000,4499336,111724000,1011111980,10.638712857593735,83.81,36786176,36786176,262144,1070460557.9376221,1116648674.0112305
2024-05-22 12:57:07,qwen:0.5b,Why is 10 / 2?,"When you divide 10 by 2, you're essentially dividing a whole number into two smaller ones. So, when you divide 10 by 2, you're effectively dividing the whole number into two smaller ones.",47,4851006000,9611554,109460000,5016953608,9.688711990873646,93.6,36786176,36786176,262144,5075177192.687988,5081856250.762939
2024-05-22 12:57:41,qwen:0.5b,Why is 10 / 2?,"The calculation of dividing 10 by 2 is correct. In this case, 10 divided by 2 equals 5. So the correct answer to the question ""Why is 10 / 2?"" is 5.",50,5753825000,9175929,116999000,5925570119,8.689871520249572,92.84,36786176,36786176,262144,5987748622.894287,6076822042.46521
2024-05-22 12:58:04,qwen:0.5b,Why is 10 / 2?,"The expression ""10 / 2"" can be simplified by dividing both the numerator and the denominator by their greatest common divisor, which in this case is 2.

Therefore, the simplified form of the expression is ""2"".",47,4869120000,5812840,294742000,5175002905,9.652668243953732,93.5,36319232,36319232,131072,5237271785.736084,5282786846.160889
2024-05-22 13:04:22,qwen:0.5b,Why is 10 / 2?,"The numerator of the fraction is 1, which means it represents a unit that cannot be reduced further by 1. The denominator of the fraction is 2, which means it represents a unit that can be reduced further by 2. Therefore, the fraction is equal to 10/2.",62,6515330000,2262158,824197000,7344623763,9.516018375124514,93.86,36323328,36323328,0,7439617872.238159,7498545885.08606
2024-05-22 13:07:37,qwen:0.5b,Why is 10 / 2?,10 ÷ 2 = 5.,11,1043291000,4955331,295006000,1348768785,10.543558796155628,89.99,36257792,36388864,0,1407762050.628662,1435250997.543335
2024-05-22 13:08:54,qwen:0.5b,Why is 10 / 2?,"When you divide 10 by 2, you are essentially dividing one whole number by another whole number.

So the answer to your question is ""yes"". When you divide two whole numbers, you are effectively dividing one whole number by another whole number.",52,6533024000,4657370,192098000,6776282561,7.959560534294686,93.23,36323328,36323328,0,6834411859.512329,6882349252.700806
2024-05-22 13:12:39,qwen:0.5b,Why is 10 / 2?,"10 divided by 2 equals 5. Therefore, the statement ""10  / 2?"" is incorrect.",26,2629053000,6211411,136370000,2819001006,9.889492528298213,90.34,36831232,36831232,262144,2878170490.2648926,2945446968.0786133
2024-05-22 13:13:58,qwen:0.5b,Why is 10 / 2?,"In order for the division to be correct, both sides must have a non-zero remainder when divided. In other words, both sides must be positive.

Therefore, when dividing 10 by 2, it will not be negative and therefore will not result in a correct division of 10 by 2.",64,6712911000,4609762,109661000,6870644487,9.533866902153179,93.42,36700160,36831232,131072,6926624774.932861,6980727910.995483
2024-05-22 13:14:01,qwen:0.5b,Why is 10 / 2?,"10 / 2 is equal to 5.

So the answer is 5.",19,1924969000,2462490,112261000,2086282520,9.870288820235547,87.6,36831232,36831232,131072,2144618272.781372,2236402273.1781006
2024-05-22 13:14:12,qwen:0.5b,Why is 10 / 2?,"The formula for multiplying two fractions is:

\[
\frac{a}{b}}{\frac{c}{d}}} = \frac{a \times b} {c \times d}}
\]

In this case, the numerator (the fraction we want to multiply) and denominator (the fraction we want to divide) are equal. So, the value of 10 / 2 is equal to the value of 10 itself.",91,9707295000,5798267,112854000,9869396988,9.374393175441769,93.64,36831232,36962304,131072,9925286531.448364,10024483680.725098
2024-05-22 13:14:20,qwen:0.5b,Why is 10 / 2?,"When you divide 10 by 2, you are dividing the number of apples by the number of oranges.

So in simple terms, if 10 apples and 2 oranges are mixed, then the number of apples would be equal to the number of oranges.",55,5735488000,2300436,110136000,5891752735,9.589419418190744,93.53,36962304,36962304,131072,5945269107.8186035,5971483469.009399
2024-05-22 13:14:29,qwen:0.5b,Why is 2+ 2?,The sum of 2 and 2 is simply 4. This is because adding two always equals four.,23,2314897000,8719327,442007000,2809196727,9.935647244780222,90.61,36962304,36962304,131072,2868881464.0045166,2944625139.23645
2024-05-22 13:14:35,qwen:0.5b,Why is 2+ 2?,"2 + 2 is a simple mathematical addition. It simply involves adding two numbers together, without any complex calculations or operations involved in the addition process. So, it's an extremely basic and straightforward addition operation.",43,4440783000,2213531,108723000,4600238522,9.68297707859177,93.15,36962304,36962304,131072,4654343128.204346,4674653768.539429
2024-05-22 13:14:40,qwen:0.5b,Why is 2+ 2?,"The sum of 2 and 2 is simply 4. This is because the total number of elements in the universe, which is equal to 12, is simply 4.",39,4379394000,3833790,113922000,4541016724,8.905341697960951,93.03,36962304,36962304,131072,4600194931.030273,4657060146.331787
2024-05-22 13:15:14,qwen:0.5b,What is 2+2?,The sum of 2 and 2 is 4.,13,1274469000,4762279,549188000,1874800205,10.200326567378257,87.96,36962304,36962304,131072,1934071540.8325195,2025853872.2991943
2024-05-22 13:15:16,qwen:0.5b,What is 2+2?,The sum of 2 and 2 is 4.,13,1300949000,3176668,144497000,1494044715,9.992705325112668,92.23,37093376,37617664,131072,1510750055.3131104,1531627893.447876
2024-05-22 13:15:16,qwen:0.5b,What is 2+2?,4.,3,216431000,8020020,151468000,1915412815,13.861230600052673,87.09,37224448,37617664,131072,1982597827.911377,2048425197.6013184
2024-05-22 13:15:17,qwen:0.5b,What is 2+2?,4.,3,216753000,47959527,181339000,2398959538,13.840638883890879,85.84,37355520,37617664,131072,2453999042.5109863,2545785903.930664
2024-05-22 13:15:18,qwen:0.5b,What is 2+2?,2+2 equals 4.,8,755072000,224155221,180081000,3427768597,10.595016104424479,85.87,37355520,37617664,131072,3489389419.555664,3557531595.2301025
2024-05-22 13:15:19,qwen:0.5b,What is 2+2?,2 + 2 equals 4.,9,864493000,324543372,173869000,4551747254,10.410726286968199,86.38,37355520,37617664,131072,4608797311.782837,4664256811.141968
2024-05-22 13:15:20,qwen:0.5b,What is 2+2?,The sum of 2 and 2 is 4.,13,1286720000,2647285,219452000,4637821751,10.103208157174834,85.44,37617664,37617664,131072,4695159912.109375,4747524976.730347
2024-05-22 13:15:22,qwen:0.5b,What is 2+2?,The sum of 2 and 2 is 4.,13,1250284000,130390235,164156000,5618516911,10.397637656724392,87.97,37617664,37617664,131072,5638207674.026489,5691990613.937378
2024-05-22 13:15:22,qwen:0.5b,What is 2+2?,4.,3,209545000,116602447,160868000,5534588497,14.316733875778473,87.98,37617664,37617664,131072,5590267896.652222,5681693315.505981
2024-05-22 13:15:24,qwen:0.5b,What is 2+2?,The sum of 2 and 2 is 4.,13,1248897000,139228764,150639000,6028415693,10.40918506490127,87.63,37617664,37617664,131072,6083437681.19812,6183619260.787964
2024-05-22 13:15:50,qwen:0.5b,What is 2+2?,The sum of 2 and 2 is 4.,13,1253686000,4891629,125958000,1428806644,10.3694226465,87.33,36642816,36642816,262144,1485609531.402588,1534034490.5853271
2024-05-22 13:15:51,qwen:0.5b,What is 2+2?,4.,3,226114000,8168926,171992000,416672612,13.267643754920085,77.64,36904960,37560320,262144,478222131.729126,517197847.366333
2024-05-22 13:15:52,qwen:0.5b,What is 2+2?,2+2 is equal to 4.,10,986431000,52943840,243575000,1739666685,10.137556504205566,88.88,37036032,37560320,262144,1754850864.4104004,1831038475.036621
2024-05-22 13:15:53,qwen:0.5b,What is 2+2?,2+2 equals 4.,8,795361000,155034285,146884000,2660048894,10.058325716247086,86.55,37298176,37560320,262144,2763631343.8415527,2870415687.561035
2024-05-22 13:15:54,qwen:0.5b,What is 2+2?,4.,3,210718000,276977522,176480000,3181601307,14.23703717764975,86.25,37167104,37560320,262144,3253192663.192749,3381595134.7351074
2024-05-22 13:15:54,qwen:0.5b,What is 2+2?,4.,3,277150000,430718728,113385000,3624074937,10.824463287028685,84.86,37036032,37560320,262144,3710180521.0113525,3774660110.473633
2024-05-22 13:15:55,qwen:0.5b,What is 2+2?,4.,3,209429000,238553923,164687000,3599440477,14.324663728518974,85.82,37560320,37560320,262144,3654346466.064453,3660652637.4816895
2024-05-22 13:15:55,qwen:0.5b,What is 2+2?,4.,3,223242000,31304032,145604000,2716285842,13.438331496761363,82.17,37560320,37560320,262144,2733659982.6812744,2737740755.0811768
2024-05-22 13:15:55,qwen:0.5b,What is 2+2?,4.,3,212291000,105638034,137665000,2091285055,14.13154584980051,81.3,37560320,37560320,262144,2150733470.916748,2230309963.2263184
2024-05-22 13:15:56,qwen:0.5b,What is 2+2?,4.,3,249546000,153741021,122056000,2023628457,12.021831646269625,78.99,37560320,37560320,262144,2118894577.0263672,2123145103.4545898
2024-05-22 15:21:24,qwen:0.5b,Why is 2+ 2?,"The sum of 2 and 2 is 4. The reason for this is that the sum of two numbers is equal to their product, which is 4 in this case.",38,4834343000,2333007,676762000,5557228915,7.8604269494324255,93.3,36319232,36319232,0,5611093282.699585,5677087783.813477
2024-05-22 15:24:27,qwen:0.5b,Why is 2+ 2?,"The sum of 2 and 2 is simply 4. This is because both numbers, 2 and 2, add up to 4.",32,3921108000,2238065,172422000,4142367551,8.160958586195534,92.45,36323328,36323328,0,4196039199.8291016,4254028081.893921
2024-05-22 15:24:47,qwen:0.5b,Why is 2+ 2?,"The sum of 2 and 2 is simply 4. This is because, when you add two numbers together, the result will be four.",31,4243104000,2813205,174206000,4467602181,7.305972231649283,92.08,36323328,36323328,0,4521143436.431885,4566108703.613281
2024-05-22 15:25:39,qwen:0.5b,Why is 2+ 2?,"2+2 is a simple arithmetic problem. It involves adding two numbers, which can be solved by basic arithmetic operations such as addition, subtraction, and multiplication.

Therefore, the answer to ""2+2?"" is 4.",47,5792113000,2699336,188042000,6029676275,8.114482573112783,93.9,36319232,36319232,0,6085615634.918213,6087853431.70166
2024-05-22 15:26:40,qwen:0.5b,Why is 2+ 2?,"The sum of 2 and 2 is simply 4. This is because there are two sets of numbers to add: one set containing the original number, and another set containing the result of adding the original number and the second set.

In summary, the sum of 2 and 2 is simply 4.",65,6993863000,3281551,203374000,7246880799,9.293862347603891,92.94,36323328,36323328,131072,7305135726.928711,7405049562.454224
2024-05-22 15:29:18,qwen:0.5b,Why is 2+ 2?,"The sum of 2 and 2 can be calculated as follows:
2 + 2 = 4
Therefore, the sum of 2 and 2 is 4.",37,7091353000,3092127,263323000,7408508871,5.217622081427902,93.48,36323328,36323328,0,7461171627.044678,7501876831.0546875
2024-05-22 15:29:39,qwen:0.5b,Why is 2+ 2?,"The sum of 2 and 2 is equal to 4. This is because two 4s are equal to the sum of 2 and 2, which equals 4.",39,5379478000,2591949,125392000,5553586533,7.249774048708815,92.76,36319232,36319232,0,5606868743.896484,5667843818.664551
2024-05-22 15:31:38,qwen:0.5b,Why is 2+ 2?,The sum of 2 and 2 is simply 4. This is because two together equals four in all quantities.,25,2527703000,5171713,190011000,2768241713,9.890402472125878,92.01,36454400,36454400,131072,2826947927.4749756,2841739654.5410156
2024-05-22 15:34:36,qwen:0.5b,Why is 2+ 2?,"The sum of 2 and 2 is simply 4. This is because a sum of two cannot be less than or greater than the sum of the two original numbers. In this case, the sum of 2 and 2 is simply 4.",53,5621543000,2274934,171027000,5841381968,9.428016471634212,92.41,36319232,36319232,0,5895449638.366699,5988676071.166992
2024-05-22 15:35:43,qwen:0.5b,Why is 2+ 2?,The sum of 2 and 2 is simply the sum of the two numbers. This is because a sum of two numbers is just the sum of those two numbers.,35,4241059000,2568356,143929000,4430777618,8.252655763572259,91.73,36192256,36323328,131072,4489001512.527466,4561160564.422607
2024-05-22 15:48:40,qwen:0.5b,Why is 2+ 2?,The sum of 2 and 2 is simply the sum itself. It is not necessary to add more numbers in order for a sum to be greater than zero.,34,3502257000,5936000,123366000,3676093761,9.708025424747527,92.36,36753408,36884480,131072,3737494707.107544,3757625341.4154053
2024-05-22 15:51:35,qwen:0.5b,Why is 2+ 2?,"2 + 2 is because the two numbers are simply added together. It is not a mathematical concept or formula, but rather an expression that simply combines two numbers.",34,3522037000,2527524,110639000,3678783344,9.653504491860819,92.82,36102144,36233216,131072,3734254360.1989746,3753421306.6101074
2024-05-22 15:51:56,qwen:0.5b,Why is 2+ 2?,The sum of 2 and 2 is simply 4. It does not have any inherent meaning or purpose beyond being a numerical quantity.,29,3237978000,2835168,112613000,3397935298,8.9562066203044,90.84,36167680,36167680,131072,3454148292.541504,3547549247.741699
2024-05-22 15:52:07,qwen:0.5b,Why is 2+ 2?,"The sum of 2 and 2 is the sum of all positive integers from 1 to 3, which are equal in value.
So, the sum of 2 and 2 is the sum of all positive integers from 1 to 3.",53,7237960000,4845272,150255000,7443862318,7.322505236282047,93.6,36167680,36167680,131072,7502955436.706543,7507493257.522583
2024-05-22 15:52:20,qwen:0.5b,What is 2+2?,2+2 equals 4.,8,782375000,4722701,500824000,1332577647,10.225275603131491,89.11,36167680,36167680,131072,1385210514.0686035,1419877290.725708
2024-05-22 15:52:21,qwen:0.5b,What is 2+2?,4.,3,220850000,3212997,118908000,390529798,13.583880461851935,79.94,36167680,36691968,131072,412368774.4140625,515069723.12927246
2024-05-22 15:52:21,qwen:0.5b,What is 2+2?,4.,3,232980000,4248892,148359000,820098591,12.876641771825907,77.91,36298752,36823040,131072,883192539.2150879,925984621.0479736
2024-05-22 15:52:22,qwen:0.5b,What is 2+2?,4.,3,217214000,43329312,199904000,1322333108,13.811264467299528,77.24,36560896,36823040,131072,1379719734.1918945,1426121234.8937988
2024-05-22 15:52:23,qwen:0.5b,What is 2+2?,The sum of 2 and 2 is 4.,13,1289686000,199469865,178907000,2884391560,10.07997295465718,85.15,36560896,36823040,131072,2947448253.631592,2953981399.536133
2024-05-22 15:52:24,qwen:0.5b,What is 2+2?,4.,3,217420000,306322385,184292000,3376982716,13.798178640419463,83.44,36691968,36823040,131072,3440271854.400635,3482835292.816162
2024-05-22 15:52:25,qwen:0.5b,What is 2+2?,The sum of 2 and 2 is 4.,13,1283776000,51712263,167029000,4400173128,10.126377187297471,85.61,36691968,36823040,131072,4474138498.306274,4559476613.998413
2024-05-22 15:52:26,qwen:0.5b,What is 2+2?,4.,3,213583000,184052502,163025000,4474916844,14.04606171839519,85.86,36823040,36823040,131072,4532444715.499878,4568365573.883057
2024-05-22 15:52:27,qwen:0.5b,What is 2+2?,The sum of 2 and 2 is 4.,13,1300911000,162676639,165225000,5525336194,9.992997215028545,88.33,36823040,36823040,131072,5579709529.876709,5583474397.659302
2024-05-22 15:52:28,qwen:0.5b,What is 2+2?,4.,3,212801000,2413951,132729000,4451119437,14.097678112414886,84.78,36823040,36823040,131072,4504714012.145996,4566290378.570557
2024-05-22 15:52:50,qwen:0.5b,What is 2+2?,4.,3,216483000,2278713,308547000,529714991,13.857901082302075,69.63,36323328,36454400,0,626327514.6484375,712811946.8688965
2024-05-22 15:52:50,qwen:0.5b,What is 2+2?,4.,3,218235000,2892260,162359000,390520429,13.746649254244277,76.34,36454400,36454400,0,487506389.6179199,505790233.61206055
2024-05-22 15:52:52,qwen:0.5b,What is 2+2?,The sum of 2 and 2 is 4.,13,1284512000,8711447,177707000,1944468857,10.120574973219401,87.62,36323328,36323328,0,1999517202.3773193,2023515224.456787
2024-05-22 15:52:53,qwen:0.5b,What is 2+2?,The sum of 2 and 2 is 4.,13,1275235000,212264484,162921000,3479207580,10.194199500484224,88.97,36454400,36454400,131072,3533834218.978882,3544535875.3204346
2024-05-22 15:52:55,qwen:0.5b,What is 2+2?,The sum of 2 and 2 is 4.,13,1285736000,314322823,166009000,5020036691,10.110940348563002,88.41,36323328,36323328,262144,5077965974.807739,5159521579.742432
2024-05-22 15:52:55,qwen:0.5b,What is 2+2?,4.,3,217269000,149102882,169278000,4996146156,13.807768250417684,89.06,36454400,36454400,0,5053656578.063965,5065325498.580933
2024-05-22 15:52:57,qwen:0.5b,What is 2+2?,The sum of 2 and 2 is 4.,13,1275103000,2367822,151335000,5003535990,10.195254814709086,88.79,36323328,36323328,0,5056479692.459106,5066585063.934326
2024-05-22 15:52:57,qwen:0.5b,What is 2+2?,4.,3,211495000,2624727,168740000,3956084027,14.184732499586278,85.81,36454400,36454400,131072,4010916948.3184814,4065378427.505493
2024-05-22 15:52:59,qwen:0.5b,What is 2+2?,The sum of 2 and 2 is 4.,13,1281930000,118983109,165291000,3870675999,10.140959334753067,87.3,36323328,36323328,262144,3887883663.17749,3960212945.9381104
2024-05-22 15:52:59,qwen:0.5b,What is 2+2?,4.,3,208526000,2589635,175754000,3904989295,14.386695184293565,85.55,36454400,36454400,0,3960355520.248413,4056856632.232666
2024-05-22 15:53:26,qwen:0.5b,What is 2+2?,4.,3,213609000,16193836,117599000,393848889,14.044352063817536,69.3,38916096,38916096,0,456789016.7236328,519574403.7628174
2024-05-22 15:53:27,qwen:0.5b,What is 2+2?,4.,3,224786000,7470259,168270000,406917578,13.346026887795503,77.06,38916096,38916096,0,466708898.5443115,516687393.18847656
2024-05-22 15:53:28,qwen:0.5b,What is 2+2?,The sum of 2 and 2 is 4.,13,1299197000,46113259,174315000,1968315159,10.006180740873015,88.42,38916096,38916096,0,2026209831.237793,2034963846.206665
2024-05-22 15:53:35,qwen:0.5b,What is 2+2?,The sum of 2 and 2 is 4.,13,1272059000,2640671,137495000,6615492700,10.219651761435594,88.95,38916096,38916096,0,6627520322.799683,6691417694.091797
2024-05-22 16:14:16,qwen:0.5b,Why is 2+ 2?,"2 + 2 is a mathematical sum, which means it takes on the form of an integer or whole number. Therefore, this addition is not merely arithmetic, but also logical reasoning. It is important to understand these concepts in order to perform basic math operations correctly.",54,5678682000,4676069,256481000,5942936033,9.509248801042213,93.03,36319232,36319232,0,5996809005.737305,6085331678.390503
2024-05-22 16:32:26,qwen:0.5b,Why is 2+ 2?,The sum of 2 and 2 is equal to 4.,15,1644568000,2552431,652972000,2343182489,9.120936318838746,91.75,36323328,36323328,0,2397106170.654297,2432038784.0270996
2024-05-22 16:32:31,qwen:0.5b,What is 2+2?,The sum of 2 and 2 is 4.,13,1724252000,2031122,527305000,2297371242,7.539501186601494,91.57,36192256,36192256,131072,2353685855.8654785,2425837516.784668
2024-05-22 16:32:33,qwen:0.5b,What is 2+2?,The sum of 2 and 2 is 4.,13,2024137000,4297982,173329000,2206468440,6.422490177295312,92.31,36454400,36454400,0,2262691497.8027344,2341982364.654541
2024-05-22 16:32:35,qwen:0.5b,What is 2+2?,The sum of 2 and 2 is 4.,13,1276920000,46466202,177694000,3753358548,10.180747423487768,91.47,36454400,36454400,131072,3809257268.9056396,3844336748.123169
2024-05-22 16:32:35,qwen:0.5b,What is 2+2?,4.,3,215300000,182702740,164588000,4226614595,13.934045517882026,89.66,36323328,36323328,262144,4282612800.5981445,4349694728.851318
2024-05-22 16:32:37,qwen:0.5b,What is 2+2?,The sum of 2 and 2 is 4.,13,1291412000,365959732,178433000,5782443923,10.066500853329533,90.0,36323328,36323328,131072,5839437484.741211,5875532388.687134
2024-05-22 16:32:37,qwen:0.5b,What is 2+2?,4.,3,215348000,131190972,159412000,3912545794,13.930939688318443,86.73,36454400,36454400,0,3967229843.1396484,4049992084.503174
2024-05-22 16:32:39,qwen:0.5b,What is 2+2?,The sum of 2 and 2 is 4.,13,1274886000,166499836,203100000,3983182855,10.196990162257645,87.2,36454400,36454400,131072,4037315845.489502,4055923223.4954834
2024-05-22 16:32:40,qwen:0.5b,What is 2+2?,2 + 2 equals 4.,9,836697000,137722111,153068000,4553126518,10.756582131882869,87.88,36323328,36323328,262144,4611405134.20105,4654237508.773804
2024-05-22 16:32:41,qwen:0.5b,What is 2+2?,The sum of 2+2 is 4.,12,1153860000,2363729,164454000,4448740741,10.399875201497583,88.23,36323328,36323328,131072,4461228132.247925,4548191070.556641
2024-05-22 16:32:43,qwen:0.5b,What is 2+2?,The sum of 2 and 2 is 4.,13,1274174000,150591465,162589000,5412512633,10.202688172886905,89.05,36454400,36454400,0,5466607332.229614,5568989753.723145
2024-05-22 16:37:35,qwen:0.5b,Why is 2+ 2?,The sum of 2 and 2 is simply 4.,14,1363043000,3789155,111251000,1523325447,10.271135980302896,87.44,36270080,36270080,131072,1582281112.6708984,1625593423.8433838
2024-05-22 16:43:38,qwen:0.5b,Why is 2+ 2?,The sum of two is always 2.,10,1218865000,5750668,713468000,1981291661,8.204354050694704,89.47,36270080,36270080,131072,2042512416.8395996,2129789590.8355713
